공항철도주식회사,AR,공항철도,A1,서울,A01
공항철도주식회사,AR,공항철도,A1,공덕,A02
공항철도주식회사,AR,공항철도,A1,홍대입구,A03
공항철도주식회사,AR,공항철도,A1,디지털미디어시티,A04
공항철도주식회사,AR,공항철도,A1,마곡나루,A042
공항철도주식회사,AR,공항철도,A1,김포공항,A05
공항철도주식회사,AR,공항철도,A1,계양,A06
공항철도주식회사,AR,공항철도,A1,검암,A07
공항철도주식회사,AR,공항철도,A1,청라국제도시,A071
공항철도주식회사,AR,공항철도,A1,영종,A072
공항철도주식회사,AR,공항철도,A1,운서,A08
공항철도주식회사,AR,공항철도,A1,공항화물청사,A09
공항철도주식회사,AR,공항철도,A1,인천공항1터미널,A10
공항철도주식회사,AR,공항철도,A1,인천공항2터미널,A11
네오트랜스주식회사,DX,신분당선,D1,논현,4305
네오트랜스주식회사,DX,신분당선,D1,신논현,4306
네오트랜스주식회사,DX,신분당선,D1,강남,4307
네오트랜스주식회사,DX,신분당선,D1,양재(서초구청),4308
네오트랜스주식회사,DX,신분당선,D1,양재시민의숲(매헌),4309
네오트랜스주식회사,DX,신분당선,D1,청계산입구,4310
네오트랜스주식회사,DX,신분당선,D1,판교(판교테크노밸리),4311
네오트랜스주식회사,DX,신분당선,D1,정자,4312
네오트랜스주식회사,DX,신분당선,D1,성복,4316
네오트랜스주식회사,DX,신분당선,D1,상현,4317
네오트랜스주식회사,DX,신분당선,D1,광교중앙(아주대),4318
네오트랜스주식회사,DX,신분당선,D1,광교(경기대),4319
네오트랜스주식회사,DX,신분당선,D1,신사,D04
네오트랜스주식회사,DX,신분당선,D1,미금(분당서울대병원),D13
네오트랜스주식회사,DX,신분당선,D1,동천,D14
네오트랜스주식회사,DX,신분당선,D1,수지구청,D15
용인경량전철주식회사,EV,용인에버라인,E1,기흥(백남준아트센터),Y110
용인경량전철주식회사,EV,용인에버라인,E1,강남대,Y111
용인경량전철주식회사,EV,용인에버라인,E1,지석,Y112
용인경량전철주식회사,EV,용인에버라인,E1,어정,Y113
용인경량전철주식회사,EV,용인에버라인,E1,동백,Y114
용인경량전철주식회사,EV,용인에버라인,E1,초당,Y115
용인경량전철주식회사,EV,용인에버라인,E1,삼가,Y116
용인경량전철주식회사,EV,용인에버라인,E1,시청·용인대,Y117
용인경량전철주식회사,EV,용인에버라인,E1,명지대,Y118
용인경량전철주식회사,EV,용인에버라인,E1,김량장,Y119
용인경량전철주식회사,EV,용인에버라인,E1,운동장·송담대,Y120
용인경량전철주식회사,EV,용인에버라인,E1,고진,Y121
용인경량전철주식회사,EV,용인에버라인,E1,보평,Y122
용인경량전철주식회사,EV,용인에버라인,E1,둔전,Y123
용인경량전철주식회사,EV,용인에버라인,E1,전대·에버랜드,Y124
김포골드라인운영주식회사,GM,김포골드라인,G1,양촌,G100
김포골드라인운영주식회사,GM,김포골드라인,G1,구래,G101
김포골드라인운영주식회사,GM,김포골드라인,G1,마산,G102
김포골드라인운영주식회사,GM,김포골드라인,G1,장기,G103
김포골드라인운영주식회사,GM,김포골드라인,G1,운양,G104
김포골드라인운영주식회사,GM,김포골드라인,G1,걸포북변,G105
김포골드라인운영주식회사,GM,김포골드라인,G1,사우(김포시청),G106
김포골드라인운영주식회사,GM,김포골드라인,G1,풍무,G107
김포골드라인운영주식회사,GM,김포골드라인,G1,고촌,G108
김포골드라인운영주식회사,GM,김포골드라인,G1,김포공항,G109
인천국제공항공사,IA,자기부상,M1,인천공항1터미널,101
인천국제공항공사,IA,자기부상,M1,장기주차장,102
인천국제공항공사,IA,자기부상,M1,합동청사,103
인천국제공항공사,IA,자기부상,M1,파라다이스시티,104
인천국제공항공사,IA,자기부상,M1,워터파크,105
인천국제공항공사,IA,자기부상,M1,용유,106
인천교통공사,IC,7호선,7,까치울,751
인천교통공사,IC,7호선,7,부천종합운동장,752
인천교통공사,IC,7호선,7,춘의,753
인천교통공사,IC,7호선,7,신중동,754
인천교통공사,IC,7호선,7,부천시청,755
인천교통공사,IC,7호선,7,상동,756
인천교통공사,IC,7호선,7,삼산체육관,757
인천교통공사,IC,7호선,7,굴포천,758
인천교통공사,IC,7호선,7,부평구청,759
인천교통공사,IC,7호선,7,산곡,760
인천교통공사,IC,7호선,7,석남(거북시장),761
인천교통공사,IC,인천1호선,I1,계양,110
인천교통공사,IC,인천1호선,I1,귤현,111
인천교통공사,IC,인천1호선,I1,박촌,112
인천교통공사,IC,인천1호선,I1,임학,113
인천교통공사,IC,인천1호선,I1,계산,114
인천교통공사,IC,인천1호선,I1,경인교대입구,115
인천교통공사,IC,인천1호선,I1,작전,116
인천교통공사,IC,인천1호선,I1,갈산,117
인천교통공사,IC,인천1호선,I1,부평구청,118
인천교통공사,IC,인천1호선,I1,부평시장,119
인천교통공사,IC,인천1호선,I1,부평,120
인천교통공사,IC,인천1호선,I1,동수,121
인천교통공사,IC,인천1호선,I1,부평삼거리,122
인천교통공사,IC,인천1호선,I1,간석오거리,123
인천교통공사,IC,인천1호선,I1,인천시청,124
인천교통공사,IC,인천1호선,I1,예술회관,125
인천교통공사,IC,인천1호선,I1,인천터미널,126
인천교통공사,IC,인천1호선,I1,문학경기장,127
인천교통공사,IC,인천1호선,I1,선학,128
인천교통공사,IC,인천1호선,I1,신연수,129
인천교통공사,IC,인천1호선,I1,원인재,130
인천교통공사,IC,인천1호선,I1,동춘,131
인천교통공사,IC,인천1호선,I1,동막,132
인천교통공사,IC,인천1호선,I1,캠퍼스타운,133
인천교통공사,IC,인천1호선,I1,테크노파크,134
인천교통공사,IC,인천1호선,I1,지식정보단지,135
인천교통공사,IC,인천1호선,I1,인천대입구,136
인천교통공사,IC,인천1호선,I1,센트럴파크,137
인천교통공사,IC,인천1호선,I1,국제업무지구,138
인천교통공사,IC,인천1호선,I1,송도달빛축제공원,139
인천교통공사,IC,인천2호선,I2,검단오류,201
인천교통공사,IC,인천2호선,I2,왕길,202
인천교통공사,IC,인천2호선,I2,검단사거리,203
인천교통공사,IC,인천2호선,I2,마전,204
인천교통공사,IC,인천2호선,I2,완정,205
인천교통공사,IC,인천2호선,I2,독정,206
인천교통공사,IC,인천2호선,I2,검암,207
인천교통공사,IC,인천2호선,I2,검바위,208
인천교통공사,IC,인천2호선,I2,아시아드경기장,209
인천교통공사,IC,인천2호선,I2,서구청,210
인천교통공사,IC,인천2호선,I2,가정,211
인천교통공사,IC,인천2호선,I2,가정중앙시장,212
인천교통공사,IC,인천2호선,I2,석남,213
인천교통공사,IC,인천2호선,I2,서부여성회관,214
인천교통공사,IC,인천2호선,I2,인천가좌,215
인천교통공사,IC,인천2호선,I2,가재울,216
인천교통공사,IC,인천2호선,I2,주안국가산단,217
인천교통공사,IC,인천2호선,I2,주안,218
인천교통공사,IC,인천2호선,I2,시민공원,219
인천교통공사,IC,인천2호선,I2,석바위시장,220
인천교통공사,IC,인천2호선,I2,인천시청,221
인천교통공사,IC,인천2호선,I2,석천사거리,222
인천교통공사,IC,인천2호선,I2,모래내시장,223
인천교통공사,IC,인천2호선,I2,만수,224
인천교통공사,IC,인천2호선,I2,남동구청,225
인천교통공사,IC,인천2호선,I2,인천대공원,226
인천교통공사,IC,인천2호선,I2,운연,227
코레일,KR,1호선,1,지행,104
코레일,KR,1호선,1,도봉,114
코레일,KR,1호선,1,창동,116
코레일,KR,1호선,1,월계,118
코레일,KR,1호선,1,외대앞,122
코레일,KR,1호선,1,대방,137
코레일,KR,1호선,1,신길,138
코레일,KR,1호선,1,덕정,141
코레일,KR,1호선,1,구일,142
코레일,KR,1호선,1,온수,145
코레일,KR,1호선,1,역곡,146
코레일,KR,1호선,1,송내,150
코레일,KR,1호선,1,부평,152
코레일,KR,1호선,1,성균관대,153
코레일,KR,1호선,1,소요산,100
코레일,KR,1호선,1,동두천,101
코레일,KR,1호선,1,보산,102
코레일,KR,1호선,1,동두천중앙,103
코레일,KR,1호선,1,덕계,106
코레일,KR,1호선,1,녹양,108
코레일,KR,1호선,1,가능,109
코레일,KR,1호선,1,의정부,110
코레일,KR,1호선,1,회룡,111
코레일,KR,1호선,1,망월사,112
코레일,KR,1호선,1,도봉산,113
코레일,KR,1호선,1,방학,115
코레일,KR,1호선,1,녹천,117
코레일,KR,1호선,1,석계,120
코레일,KR,1호선,1,신이문,121
코레일,KR,1호선,1,회기,123
코레일,KR,1호선,1,남영,134
코레일,KR,1호선,1,용산,135
코레일,KR,1호선,1,노량진,136
코레일,KR,1호선,1,영등포,139
코레일,KR,1호선,1,신도림,140
코레일,KR,1호선,1,개봉,143
코레일,KR,1호선,1,오류동,144
코레일,KR,1호선,1,소사,147
코레일,KR,1호선,1,부천,148
코레일,KR,1호선,1,명학,148
코레일,KR,1호선,1,부개,151
코레일,KR,1호선,1,백운,153
코레일,KR,1호선,1,동암,154
코레일,KR,1호선,1,주안,156
코레일,KR,1호선,1,도화,157
코레일,KR,1호선,1,제물포,158
코레일,KR,1호선,1,도원,159
코레일,KR,1호선,1,동인천,160
코레일,KR,1호선,1,인천,161
코레일,KR,1호선,1,세류,1715
코레일,KR,1호선,1,간석,1816
코레일,KR,1호선,1,중동,1822
코레일,KR,1호선,1,광운대,199
코레일,KR,1호선,1,양주,K107
코레일,KR,1호선,1,광명,K410
코레일,KR,1호선,1,구로,P141
코레일,KR,1호선,1,가산디지털단지,P142
코레일,KR,1호선,1,독산,P143
코레일,KR,1호선,1,금천구청,P144
코레일,KR,1호선,1,석수,P145
코레일,KR,1호선,1,관악,P146
코레일,KR,1호선,1,안양,P147
코레일,KR,1호선,1,금정,P149
코레일,KR,1호선,1,군포,P150
코레일,KR,1호선,1,당정,P151
코레일,KR,1호선,1,의왕,P152
코레일,KR,1호선,1,화서,P154
코레일,KR,1호선,1,수원,P155
코레일,KR,1호선,1,병점,P157
코레일,KR,1호선,1,서동탄,P157-2
코레일,KR,1호선,1,세마,P158
코레일,KR,1호선,1,오산대,P159
코레일,KR,1호선,1,오산,P160
코레일,KR,1호선,1,진위,P161
코레일,KR,1호선,1,송탄,P162
코레일,KR,1호선,1,서정리,P163
코레일,KR,1호선,1,평택지제,P164
코레일,KR,1호선,1,평택,P165
코레일,KR,1호선,1,성환,P166
코레일,KR,1호선,1,직산,P167
코레일,KR,1호선,1,두정,P168
코레일,KR,1호선,1,천안,P169
코레일,KR,1호선,1,봉명,P170
코레일,KR,1호선,1,쌍용(나사렛대),P171
코레일,KR,1호선,1,아산,P172
코레일,KR,1호선,1,배방,P174
코레일,KR,1호선,1,온양온천,P176
코레일,KR,1호선,1,신창(순천향대),P177
코레일,KR,1호선,1,탕정,p173
코레일,KR,3호선,3,대화,309
코레일,KR,3호선,3,대곡,314
코레일,KR,3호선,3,화정,315
코레일,KR,3호선,3,원흥,1948
코레일,KR,3호선,3,주엽,310
코레일,KR,3호선,3,정발산,311
코레일,KR,3호선,3,마두,312
코레일,KR,3호선,3,백석,313
코레일,KR,3호선,3,원당,316
코레일,KR,3호선,3,삼송,318
코레일,KR,4호선,4,대공원,437
코레일,KR,4호선,4,과천,438
코레일,KR,4호선,4,인덕원,440
코레일,KR,4호선,4,범계,442
코레일,KR,4호선,4,대야미,446
코레일,KR,4호선,4,반월,447
코레일,KR,4호선,4,정부과천청사,509
코레일,KR,4호선,4,한대앞,1755
코레일,KR,4호선,4,선바위,435
코레일,KR,4호선,4,경마공원,436
코레일,KR,4호선,4,평촌,441
코레일,KR,4호선,4,산본,444
코레일,KR,4호선,4,수리산,445
코레일,KR,4호선,4,상록수,448
코레일,KR,4호선,4,중앙,K252
코레일,KR,4호선,4,초지,K254
코레일,KR,4호선,4,안산,K255
코레일,KR,4호선,4,신길온천,K256
코레일,KR,4호선,4,정왕,K257
코레일,KR,4호선,4,오이도,K258
코레일,KR,4호선,4,금정,P149
코레일,KR,4호선,4,고잔,k253
코레일,KR,수인분당선,K1,수내(한국잡월드),1856
코레일,KR,수인분당선,K1,오목천,1874
코레일,KR,수인분당선,K1,송도,1886
코레일,KR,수인분당선,K1,인천,K0272
코레일,KR,수인분당선,K1,청량리,K209
코레일,KR,수인분당선,K1,압구정로데오,K212
코레일,KR,수인분당선,K1,선정릉(한국과학창의재단),K214
코레일,KR,수인분당선,K1,선릉,K215
코레일,KR,수인분당선,K1,개포동,K219
코레일,KR,수인분당선,K1,복정(동서울대학),K222
코레일,KR,수인분당선,K1,가천대,K223
코레일,KR,수인분당선,K1,태평,K224
코레일,KR,수인분당선,K1,모란,K225
코레일,KR,수인분당선,K1,서현,K228
코레일,KR,수인분당선,K1,정자,K230
코레일,KR,수인분당선,K1,미금(분당서울대병원),K231
코레일,KR,수인분당선,K1,오리,K232
코레일,KR,수인분당선,K1,죽전(단국대),K233
코레일,KR,수인분당선,K1,보정,K234
코레일,KR,수인분당선,K1,신갈,K236
코레일,KR,수인분당선,K1,상갈(루터대학교),K238
코레일,KR,수인분당선,K1,청명,K239
코레일,KR,수인분당선,K1,영통(경희대),K240
코레일,KR,수인분당선,K1,망포,K241
코레일,KR,수인분당선,K1,수원시청(경기도문화의전당),K243
코레일,KR,수인분당선,K1,매교,K244
코레일,KR,수인분당선,K1,수원,K245
코레일,KR,수인분당선,K1,어천,K248
코레일,KR,수인분당선,K1,야목,K249
코레일,KR,수인분당선,K1,사리,K250
코레일,KR,수인분당선,K1,한대앞,K251
코레일,KR,수인분당선,K1,중앙,K252
코레일,KR,수인분당선,K1,고잔,K253
코레일,KR,수인분당선,K1,초지,K254
코레일,KR,수인분당선,K1,안산,K255
코레일,KR,수인분당선,K1,신길온천,K256
코레일,KR,수인분당선,K1,정왕,K257
코레일,KR,수인분당선,K1,오이도,K258
코레일,KR,수인분당선,K1,월곶,K260
코레일,KR,수인분당선,K1,소래포구,K261
코레일,KR,수인분당선,K1,남동인더스파크,K264
코레일,KR,수인분당선,K1,원인재,K265
코레일,KR,수인분당선,K1,신포,K271
코레일,KR,수인분당선,K1,왕십리,k210
코레일,KR,수인분당선,K1,서울숲,k211
코레일,KR,수인분당선,K1,강남구청,k213
코레일,KR,수인분당선,K1,한티,k216
코레일,KR,수인분당선,K1,도곡,k217
코레일,KR,수인분당선,K1,구룡,k218
코레일,KR,수인분당선,K1,대모산입구,k220
코레일,KR,수인분당선,K1,수서,k221
코레일,KR,수인분당선,K1,야탑,k226
코레일,KR,수인분당선,K1,이매(성남아트센터),k227
코레일,KR,수인분당선,K1,구성,k235
코레일,KR,수인분당선,K1,기흥(백남준아트센터),k237
코레일,KR,수인분당선,K1,매탄권선,k242
코레일,KR,수인분당선,K1,고색,k244
코레일,KR,수인분당선,K1,달월,k259
코레일,KR,수인분당선,K1,인천논현,k262
코레일,KR,수인분당선,K1,호구포,k263
코레일,KR,수인분당선,K1,연수,k266
코레일,KR,수인분당선,K1,인하대,k269
코레일,KR,수인분당선,K1,숭의(인하대병원),k270
코레일,KR,경춘선,K2,광운대,119
코레일,KR,경춘선,K2,대성리,1320
코레일,KR,경춘선,K2,청량리,K117
코레일,KR,경춘선,K2,회기,K118
코레일,KR,경춘선,K2,중랑,K119
코레일,KR,경춘선,K2,상봉,K120
코레일,KR,경춘선,K2,망우,K121
코레일,KR,경춘선,K2,신내,P122
코레일,KR,경춘선,K2,갈매,P123
코레일,KR,경춘선,K2,별내(삼육대학교),P124
코레일,KR,경춘선,K2,퇴계원,P125
코레일,KR,경춘선,K2,사릉,P126
코레일,KR,경춘선,K2,금곡,P127
코레일,KR,경춘선,K2,평내호평,P128
코레일,KR,경춘선,K2,천마산,P129
코레일,KR,경춘선,K2,마석,P130
코레일,KR,경춘선,K2,청평,P132
코레일,KR,경춘선,K2,상천(호명호수),P133
코레일,KR,경춘선,K2,가평(자라섬·남이섬),P134
코레일,KR,경춘선,K2,굴봉산(제이드가든),P135
코레일,KR,경춘선,K2,백양리(엘리시안강촌),P136
코레일,KR,경춘선,K2,강촌,P137
코레일,KR,경춘선,K2,김유정,P138
코레일,KR,경춘선,K2,춘천(한림대),P140
코레일,KR,경춘선,K2,남춘천(강원대),p139
코레일,KR,경의중앙선,K4,공덕,312
코레일,KR,경의중앙선,K4,양원(서울시북부병원),399
코레일,KR,경의중앙선,K4,회기,123
코레일,KR,경의중앙선,K4,서울,1251
코레일,KR,경의중앙선,K4,야당,1277
코레일,KR,경의중앙선,K4,신원,131
코레일,KR,경의중앙선,K4,국수,132
코레일,KR,경의중앙선,K4,망우,188
코레일,KR,경의중앙선,K4,강매,319
코레일,KR,경의중앙선,K4,곡산,323
코레일,KR,경의중앙선,K4,용산,K110
코레일,KR,경의중앙선,K4,이촌,K111
코레일,KR,경의중앙선,K4,서빙고,K112
코레일,KR,경의중앙선,K4,한남,K113
코레일,KR,경의중앙선,K4,옥수,K114
코레일,KR,경의중앙선,K4,중랑,K119
코레일,KR,경의중앙선,K4,구리,K123
코레일,KR,경의중앙선,K4,도농,K124
코레일,KR,경의중앙선,K4,양정,K125
코레일,KR,경의중앙선,K4,덕소,K126
코레일,KR,경의중앙선,K4,팔당,K128
코레일,KR,경의중앙선,K4,운길산,K129
코레일,KR,경의중앙선,K4,양수,K130
코레일,KR,경의중앙선,K4,아신(아세아연합신학대),K133
코레일,KR,경의중앙선,K4,오빈,K134
코레일,KR,경의중앙선,K4,원덕(추읍산),K136
코레일,KR,경의중앙선,K4,용문,K137
코레일,KR,경의중앙선,K4,지평,K138
코레일,KR,경의중앙선,K4,청량리,K209
코레일,KR,경의중앙선,K4,효창공원앞,K311
코레일,KR,경의중앙선,K4,서강대,K313
코레일,KR,경의중앙선,K4,홍대입구,K314
코레일,KR,경의중앙선,K4,가좌,K315
코레일,KR,경의중앙선,K4,디지털미디어시티,K316
코레일,KR,경의중앙선,K4,수색,K317
코레일,KR,경의중앙선,K4,행신,K320
코레일,KR,경의중앙선,K4,능곡,K321
코레일,KR,경의중앙선,K4,풍산,K325
코레일,KR,경의중앙선,K4,일산,K326
코레일,KR,경의중앙선,K4,탄현,K327
코레일,KR,경의중앙선,K4,운정,K329
코레일,KR,경의중앙선,K4,금촌,K331
코레일,KR,경의중앙선,K4,월롱(서영대학교),K333
코레일,KR,경의중앙선,K4,파주(두원대학),K334
코레일,KR,경의중앙선,K4,문산,K335
코레일,KR,경의중앙선,K4,운천,
코레일,KR,경의중앙선,K4,도라산,K338
코레일,KR,경의중앙선,K4,신촌,P314
코레일,KR,경의중앙선,K4,응봉,k115
코레일,KR,경의중앙선,K4,상봉,k120
코레일,KR,경의중앙선,K4,도심,k127
코레일,KR,경의중앙선,K4,양평,k135
코레일,KR,경의중앙선,K4,왕십리,k210
코레일,KR,경의중앙선,K4,화전(한국항공대),k318
코레일,KR,경의중앙선,K4,대곡,k322
코레일,KR,경의중앙선,K4,백마,k324
코레일,KR,경의중앙선,K4,금릉,k330
코레일,KR,경의중앙선,K4,임진강,k337
코레일,KR,경강선,K5,판교(판교테크노밸리),K410
코레일,KR,경강선,K5,이매,K411
코레일,KR,경강선,K5,삼동,K412
코레일,KR,경강선,K5,경기광주,K413
코레일,KR,경강선,K5,신둔도예촌,K416
코레일,KR,경강선,K5,이천,K417
코레일,KR,경강선,K5,부발,K418
코레일,KR,경강선,K5,여주,K420
코레일,KR,경강선,K5,초월,k414
코레일,KR,경강선,K5,곤지암,k415
코레일,KR,경강선,K5,세종대왕릉,k419
서울교통공사,S1,1호선,1,서울,150
서울교통공사,S1,1호선,1,시청,151
서울교통공사,S1,1호선,1,종각,152
서울교통공사,S1,1호선,1,종로3가,153
서울교통공사,S1,1호선,1,종로5가,154
서울교통공사,S1,1호선,1,동대문,155
서울교통공사,S1,1호선,1,신설동,156
서울교통공사,S1,1호선,1,제기동,157
서울교통공사,S1,1호선,1,청량리(서울시립대입구),158
서울교통공사,S1,1호선,1,동묘앞,159
서울교통공사,S1,2호선,2,시청,201
서울교통공사,S1,2호선,2,을지로입구,202
서울교통공사,S1,2호선,2,을지로3가,203
서울교통공사,S1,2호선,2,을지로4가,204
서울교통공사,S1,2호선,2,동대문역사문화공원,205
서울교통공사,S1,2호선,2,신당,206
서울교통공사,S1,2호선,2,상왕십리,207
서울교통공사,S1,2호선,2,왕십리,208
서울교통공사,S1,2호선,2,한양대,209
서울교통공사,S1,2호선,2,뚝섬,210
서울교통공사,S1,2호선,2,성수,211
서울교통공사,S1,2호선,2,건대입구,212
서울교통공사,S1,2호선,2,구의(광진구청),213
서울교통공사,S1,2호선,2,강변(동서울터미널),214
서울교통공사,S1,2호선,2,잠실나루,215
서울교통공사,S1,2호선,2,잠실(송파구청),216
서울교통공사,S1,2호선,2,잠실새내,217
서울교통공사,S1,2호선,2,종합운동장,218
서울교통공사,S1,2호선,2,삼성(무역센터),219
서울교통공사,S1,2호선,2,선릉,220
서울교통공사,S1,2호선,2,역삼,221
서울교통공사,S1,2호선,2,강남,222
서울교통공사,S1,2호선,2,교대(법원·검찰청),223
서울교통공사,S1,2호선,2,서초,224
서울교통공사,S1,2호선,2,방배,225
서울교통공사,S1,2호선,2,사당,226
서울교통공사,S1,2호선,2,낙성대,227
서울교통공사,S1,2호선,2,서울대입구(관악구청),228
서울교통공사,S1,2호선,2,봉천,229
서울교통공사,S1,2호선,2,신림,230
서울교통공사,S1,2호선,2,신대방,231
서울교통공사,S1,2호선,2,구로디지털단지,232
서울교통공사,S1,2호선,2,대림(구로구청),233
서울교통공사,S1,2호선,2,신도림,234
서울교통공사,S1,2호선,2,까치산,234-4
서울교통공사,S1,2호선,2,문래,235
서울교통공사,S1,2호선,2,영등포구청,236
서울교통공사,S1,2호선,2,당산,237
서울교통공사,S1,2호선,2,합정,238
서울교통공사,S1,2호선,2,홍대입구,239
서울교통공사,S1,2호선,2,신촌,240
서울교통공사,S1,2호선,2,이대,241
서울교통공사,S1,2호선,2,아현,242
서울교통공사,S1,2호선,2,충정로(경기대입구),243
서울교통공사,S1,2호선,2,용답,244
서울교통공사,S1,2호선,2,신답,245
서울교통공사,S1,2호선,2,신설동,246
서울교통공사,S1,2호선,2,도림천,247
서울교통공사,S1,2호선,2,양천구청,248
서울교통공사,S1,2호선,2,신정네거리,249
서울교통공사,S1,2호선,2,용두(동대문구청),250
서울교통공사,S1,3호선,3,지축,309
서울교통공사,S1,3호선,3,구파발,310
서울교통공사,S1,3호선,3,연신내,311
서울교통공사,S1,3호선,3,불광,312
서울교통공사,S1,3호선,3,녹번,313
서울교통공사,S1,3호선,3,홍제,314
서울교통공사,S1,3호선,3,무악재,315
서울교통공사,S1,3호선,3,독립문,316
서울교통공사,S1,3호선,3,경복궁(정부서울청사),317
서울교통공사,S1,3호선,3,안국,318
서울교통공사,S1,3호선,3,종로3가,319
서울교통공사,S1,3호선,3,을지로3가,320
서울교통공사,S1,3호선,3,충무로,321
서울교통공사,S1,3호선,3,동대입구,322
서울교통공사,S1,3호선,3,약수,323
서울교통공사,S1,3호선,3,금호,324
서울교통공사,S1,3호선,3,옥수,325
서울교통공사,S1,3호선,3,압구정,326
서울교통공사,S1,3호선,3,신사,327
서울교통공사,S1,3호선,3,잠원,328
서울교통공사,S1,3호선,3,고속터미널,329
서울교통공사,S1,3호선,3,교대(법원·검찰청),330
서울교통공사,S1,3호선,3,남부터미널(예술의전당),331
서울교통공사,S1,3호선,3,양재(서초구청),332
서울교통공사,S1,3호선,3,매봉,333
서울교통공사,S1,3호선,3,도곡,334
서울교통공사,S1,3호선,3,대치,335
서울교통공사,S1,3호선,3,학여울,336
서울교통공사,S1,3호선,3,대청,337
서울교통공사,S1,3호선,3,일원,338
서울교통공사,S1,3호선,3,수서,339
서울교통공사,S1,3호선,3,가락시장,340
서울교통공사,S1,3호선,3,경찰병원,341
서울교통공사,S1,3호선,3,오금,342
남양주도시공사,NU,4호선,4,진접,405
남양주도시공사,NU,4호선,4,오남,406
남양주도시공사,NU,4호선,4,별내별가람,408
서울교통공사,S1,4호선,4,당고개,409
서울교통공사,S1,4호선,4,상계,410
서울교통공사,S1,4호선,4,노원,411
서울교통공사,S1,4호선,4,창동,412
서울교통공사,S1,4호선,4,쌍문,413
서울교통공사,S1,4호선,4,수유(강북구청),414
서울교통공사,S1,4호선,4,미아,415
서울교통공사,S1,4호선,4,미아사거리,416
서울교통공사,S1,4호선,4,길음,417
서울교통공사,S1,4호선,4,성신여대입구(돈암),418
서울교통공사,S1,4호선,4,한성대입구(삼선교),419
서울교통공사,S1,4호선,4,혜화,420
서울교통공사,S1,4호선,4,동대문,421
서울교통공사,S1,4호선,4,동대문역사문화공원,422
서울교통공사,S1,4호선,4,충무로,423
서울교통공사,S1,4호선,4,명동,424
서울교통공사,S1,4호선,4,회현(남대문시장),425
서울교통공사,S1,4호선,4,서울,426
서울교통공사,S1,4호선,4,숙대입구(갈월),427
서울교통공사,S1,4호선,4,삼각지,428
서울교통공사,S1,4호선,4,신용산,429
서울교통공사,S1,4호선,4,이촌(국립중앙박물관),430
서울교통공사,S1,4호선,4,동작(현충원),431
서울교통공사,S1,4호선,4,총신대입구(이수),432
서울교통공사,S1,4호선,4,사당,433
서울교통공사,S1,4호선,4,남태령,434
서울교통공사,S1,5호선,5,방화,2511
서울교통공사,S1,5호선,5,개화산,2512
서울교통공사,S1,5호선,5,김포공항,2513
서울교통공사,S1,5호선,5,송정,2514
서울교통공사,S1,5호선,5,마곡,2515
서울교통공사,S1,5호선,5,발산,2516
서울교통공사,S1,5호선,5,우장산,2517
서울교통공사,S1,5호선,5,화곡,2518
서울교통공사,S1,5호선,5,까치산,2519
서울교통공사,S1,5호선,5,신정(은행정),2520
서울교통공사,S1,5호선,5,목동,2521
서울교통공사,S1,5호선,5,오목교(목동운동장앞),2522
서울교통공사,S1,5호선,5,양평,2523
서울교통공사,S1,5호선,5,영등포구청,2524
서울교통공사,S1,5호선,5,영등포시장,2525
서울교통공사,S1,5호선,5,신길,2526
서울교통공사,S1,5호선,5,여의도,2527
서울교통공사,S1,5호선,5,여의나루,2528
서울교통공사,S1,5호선,5,마포,2529
서울교통공사,S1,5호선,5,공덕,2530
서울교통공사,S1,5호선,5,애오개,2531
서울교통공사,S1,5호선,5,충정로(경기대입구),2532
서울교통공사,S1,5호선,5,서대문,2533
서울교통공사,S1,5호선,5,광화문(세종문화회관),2534
서울교통공사,S1,5호선,5,종로3가(탑골공원),2535
서울교통공사,S1,5호선,5,을지로4가,2536
서울교통공사,S1,5호선,5,동대문역사문화공원,2537
서울교통공사,S1,5호선,5,청구,2538
서울교통공사,S1,5호선,5,신금호,2539
서울교통공사,S1,5호선,5,행당,2540
서울교통공사,S1,5호선,5,왕십리,2541
서울교통공사,S1,5호선,5,마장,2542
서울교통공사,S1,5호선,5,답십리,2543
서울교통공사,S1,5호선,5,장한평,2544
서울교통공사,S1,5호선,5,군자(능동),2545
서울교통공사,S1,5호선,5,아차산(어린이대공원후문),2546
서울교통공사,S1,5호선,5,광나루(장신대),2547
서울교통공사,S1,5호선,5,천호(풍납토성),2548
서울교통공사,S1,5호선,5,강동,2549
서울교통공사,S1,5호선,5,길동,2550
서울교통공사,S1,5호선,5,굽은다리(강동구민회관앞),2551
서울교통공사,S1,5호선,5,명일,2552
서울교통공사,S1,5호선,5,고덕,2553
서울교통공사,S1,5호선,5,상일동,2554
서울교통공사,S1,5호선,5,둔촌동,2555
서울교통공사,S1,5호선,5,올림픽공원(한국체대),2556
서울교통공사,S1,5호선,5,방이,2557
서울교통공사,S1,5호선,5,오금,2558
서울교통공사,S1,5호선,5,개롱,2559
서울교통공사,S1,5호선,5,거여,2560
서울교통공사,S1,5호선,5,마천,2561
서울교통공사,S1,5호선,5,강일,2562
서울교통공사,S1,5호선,5,미사,2563
서울교통공사,S1,5호선,5,하남풍산,2564
서울교통공사,S1,5호선,5,하남시청(덕풍?신장),2565
서울교통공사,S1,5호선,5,하남검단산,2566
서울교통공사,S1,6호선,6,응암,2611
서울교통공사,S1,6호선,6,역촌,2612
서울교통공사,S1,6호선,6,불광,2613
서울교통공사,S1,6호선,6,독바위,2614
서울교통공사,S1,6호선,6,연신내,2615
서울교통공사,S1,6호선,6,구산,2616
서울교통공사,S1,6호선,6,새절(신사),2617
서울교통공사,S1,6호선,6,증산(명지대앞),2618
서울교통공사,S1,6호선,6,디지털미디어시티,2619
서울교통공사,S1,6호선,6,월드컵경기장(성산),2620
서울교통공사,S1,6호선,6,마포구청,2621
서울교통공사,S1,6호선,6,망원,2622
서울교통공사,S1,6호선,6,합정,2623
서울교통공사,S1,6호선,6,상수,2624
서울교통공사,S1,6호선,6,광흥창(서강),2625
서울교통공사,S1,6호선,6,대흥(서강대앞),2626
서울교통공사,S1,6호선,6,공덕,2627
서울교통공사,S1,6호선,6,효창공원앞,2628
서울교통공사,S1,6호선,6,삼각지,2629
서울교통공사,S1,6호선,6,녹사평(용산구청),2630
서울교통공사,S1,6호선,6,이태원,2631
서울교통공사,S1,6호선,6,한강진,2632
서울교통공사,S1,6호선,6,버티고개,2633
서울교통공사,S1,6호선,6,약수,2634
서울교통공사,S1,6호선,6,청구,2635
서울교통공사,S1,6호선,6,신당,2636
서울교통공사,S1,6호선,6,동묘앞,2637
서울교통공사,S1,6호선,6,창신,2638
서울교통공사,S1,6호선,6,보문,2639
서울교통공사,S1,6호선,6,안암(고대병원앞),2640
서울교통공사,S1,6호선,6,고려대(종암),2641
서울교통공사,S1,6호선,6,월곡(동덕여대),2642
서울교통공사,S1,6호선,6,상월곡(한국과학기술연구원),2643
서울교통공사,S1,6호선,6,돌곶이,2644
서울교통공사,S1,6호선,6,석계,2645
서울교통공사,S1,6호선,6,태릉입구,2646
서울교통공사,S1,6호선,6,화랑대(서울여대입구),2647
서울교통공사,S1,6호선,6,봉화산(서울의료원),2648
서울교통공사,S1,6호선,6,신내,2649
서울교통공사,S1,7호선,7,장암,2711
서울교통공사,S1,7호선,7,도봉산,2712
서울교통공사,S1,7호선,7,수락산,2713
서울교통공사,S1,7호선,7,마들,2714
서울교통공사,S1,7호선,7,노원,2715
서울교통공사,S1,7호선,7,중계,2716
서울교통공사,S1,7호선,7,하계,2717
서울교통공사,S1,7호선,7,공릉(서울과학기술대),2718
서울교통공사,S1,7호선,7,태릉입구,2719
서울교통공사,S1,7호선,7,먹골,2720
서울교통공사,S1,7호선,7,중화,2721
서울교통공사,S1,7호선,7,상봉(시외버스터미널),2722
서울교통공사,S1,7호선,7,면목,2723
서울교통공사,S1,7호선,7,사가정,2724
서울교통공사,S1,7호선,7,용마산,2725
서울교통공사,S1,7호선,7,중곡,2726
서울교통공사,S1,7호선,7,군자(능동),2727
서울교통공사,S1,7호선,7,어린이대공원(세종대),2728
서울교통공사,S1,7호선,7,건대입구,2729
서울교통공사,S1,7호선,7,뚝섬유원지,2730
서울교통공사,S1,7호선,7,청담,2731
서울교통공사,S1,7호선,7,강남구청,2732
서울교통공사,S1,7호선,7,학동,2733
서울교통공사,S1,7호선,7,논현,2734
서울교통공사,S1,7호선,7,반포,2735
서울교통공사,S1,7호선,7,고속터미널,2736
서울교통공사,S1,7호선,7,내방,2737
서울교통공사,S1,7호선,7,총신대입구(이수),2738
서울교통공사,S1,7호선,7,남성,2739
서울교통공사,S1,7호선,7,숭실대입구(살피재),2740
서울교통공사,S1,7호선,7,상도,2741
서울교통공사,S1,7호선,7,장승배기,2742
서울교통공사,S1,7호선,7,신대방삼거리,2743
서울교통공사,S1,7호선,7,보라매,2744
서울교통공사,S1,7호선,7,신풍,2745
서울교통공사,S1,7호선,7,대림(구로구청),2746
서울교통공사,S1,7호선,7,남구로,2747
서울교통공사,S1,7호선,7,가산디지털단지,2748
서울교통공사,S1,7호선,7,철산,2749
서울교통공사,S1,7호선,7,광명사거리,2750
서울교통공사,S1,7호선,7,천왕,2751
서울교통공사,S1,7호선,7,온수(성공회대입구),2752
서울교통공사,S1,8호선,8,암사,2811
서울교통공사,S1,8호선,8,천호(풍납토성),2812
서울교통공사,S1,8호선,8,강동구청,2813
서울교통공사,S1,8호선,8,몽촌토성(평화의문),2814
서울교통공사,S1,8호선,8,잠실(송파구청),2815
서울교통공사,S1,8호선,8,석촌,2816
서울교통공사,S1,8호선,8,송파,2817
서울교통공사,S1,8호선,8,가락시장,2818
서울교통공사,S1,8호선,8,문정,2819
서울교통공사,S1,8호선,8,장지,2820
서울교통공사,S1,8호선,8,복정,2821
서울교통공사,S1,8호선,8,산성,2822
서울교통공사,S1,8호선,8,남한산성입구(성남법원·검찰청),2823
서울교통공사,S1,8호선,8,단대오거리,2824
서울교통공사,S1,8호선,8,신흥,2825
서울교통공사,S1,8호선,8,수진,2826
서울교통공사,S1,8호선,8,모란,2827
서울교통공사,S1,8호선,8,남위례,2828
서울메트로9호선주식회사,S9,9호선,9,개화,901
서울메트로9호선주식회사,S9,9호선,9,김포공항,902
서울메트로9호선주식회사,S9,9호선,9,공항시장,903
서울메트로9호선주식회사,S9,9호선,9,신방화,904
서울메트로9호선주식회사,S9,9호선,9,마곡나루,905
서울메트로9호선주식회사,S9,9호선,9,양천향교,906
서울메트로9호선주식회사,S9,9호선,9,가양,907
서울메트로9호선주식회사,S9,9호선,9,증미,908
서울메트로9호선주식회사,S9,9호선,9,등촌,909
서울메트로9호선주식회사,S9,9호선,9,염창,910
서울메트로9호선주식회사,S9,9호선,9,신목동,911
서울메트로9호선주식회사,S9,9호선,9,선유도,912
서울메트로9호선주식회사,S9,9호선,9,당산,913
서울메트로9호선주식회사,S9,9호선,9,국회의사당,914
서울메트로9호선주식회사,S9,9호선,9,여의도,915
서울메트로9호선주식회사,S9,9호선,9,샛강,916
서울메트로9호선주식회사,S9,9호선,9,노량진,917
서울메트로9호선주식회사,S9,9호선,9,노들,918
서울메트로9호선주식회사,S9,9호선,9,흑석(중앙대입구),919
서울메트로9호선주식회사,S9,9호선,9,동작(현충원),920
서울메트로9호선주식회사,S9,9호선,9,구반포,921
서울메트로9호선주식회사,S9,9호선,9,신반포,922
서울메트로9호선주식회사,S9,9호선,9,고속터미널,923
서울메트로9호선주식회사,S9,9호선,9,사평,924
서울메트로9호선주식회사,S9,9호선,9,신논현,925
서울메트로9호선주식회사,S9,9호선,9,언주,926
서울메트로9호선주식회사,S9,9호선,9,선정릉,927
서울메트로9호선주식회사,S9,9호선,9,삼성중앙,928
서울메트로9호선주식회사,S9,9호선,9,봉은사,929
서울메트로9호선주식회사,S9,9호선,9,종합운동장,930
서울메트로9호선주식회사,S9,9호선,9,삼전,931
서울메트로9호선주식회사,S9,9호선,9,석촌고분,932
서울메트로9호선주식회사,S9,9호선,9,석촌,933
서울메트로9호선주식회사,S9,9호선,9,송파나루,934
서울메트로9호선주식회사,S9,9호선,9,한성백제,935
서울메트로9호선주식회사,S9,9호선,9,올림픽공원(한국체대),936
서울메트로9호선주식회사,S9,9호선,9,둔촌오륜,937
서울메트로9호선주식회사,S9,9호선,9,중앙보훈병원,938
남서울경전철주식회사,SL,신림선,L1,샛강,S401
남서울경전철주식회사,SL,신림선,L1,대방,S402
남서울경전철주식회사,SL,신림선,L1,서울지방병무청,S403
남서울경전철주식회사,SL,신림선,L1,보라매,S404
남서울경전철주식회사,SL,신림선,L1,보라매공원,S405
남서울경전철주식회사,SL,신림선,L1,보라매병원,S406
남서울경전철주식회사,SL,신림선,L1,당곡,S407
남서울경전철주식회사,SL,신림선,L1,신림,S408
남서울경전철주식회사,SL,신림선,L1,서원,S409
남서울경전철주식회사,SL,신림선,L1,서울대벤처타운,S410
남서울경전철주식회사,SL,신림선,L1,관악산(서울대),S411
서해철도주식회사,SW,서해선,WS,소사,S16
서해철도주식회사,SW,서해선,WS,소새울,S17
서해철도주식회사,SW,서해선,WS,시흥대야,S18
서해철도주식회사,SW,서해선,WS,신천,S19
서해철도주식회사,SW,서해선,WS,신현,S20
서해철도주식회사,SW,서해선,WS,시흥시청,S22
서해철도주식회사,SW,서해선,WS,시흥능곡,S23
서해철도주식회사,SW,서해선,WS,달미,S24
서해철도주식회사,SW,서해선,WS,선부,S25
서해철도주식회사,SW,서해선,WS,초지,S26
서해철도주식회사,SW,서해선,WS,시우,S27
서해철도주식회사,SW,서해선,WS,원시,S28
우이신설경전철주식회사,UI,우이신설,UI,북한산우이,S110
우이신설경전철주식회사,UI,우이신설,UI,솔밭공원,S111
우이신설경전철주식회사,UI,우이신설,UI,4.19민주묘지,S112
우이신설경전철주식회사,UI,우이신설,UI,가오리,S113
우이신설경전철주식회사,UI,우이신설,UI,화계,S114
우이신설경전철주식회사,UI,우이신설,UI,삼양,S115
우이신설경전철주식회사,UI,우이신설,UI,삼양사거리,S116
우이신설경전철주식회사,UI,우이신설,UI,솔샘,S117
우이신설경전철주식회사,UI,우이신설,UI,북한산보국문,S118
우이신설경전철주식회사,UI,우이신설,UI,정릉,S119
우이신설경전철주식회사,UI,우이신설,UI,성신여대입구,S120
우이신설경전철주식회사,UI,우이신설,UI,보문,S121
우이신설경전철주식회사,UI,우이신설,UI,신설동,S122
의정부경량전철주식회사,UL,의정부경전철,U1,발곡,110
의정부경량전철주식회사,UL,의정부경전철,U1,회룡,111
의정부경량전철주식회사,UL,의정부경전철,U1,범골,112
의정부경량전철주식회사,UL,의정부경전철,U1,경전철의정부,113
의정부경량전철주식회사,UL,의정부경전철,U1,의정부시청,114
의정부경량전철주식회사,UL,의정부경전철,U1,흥선,115
의정부경량전철주식회사,UL,의정부경전철,U1,의정부중앙,117
의정부경량전철주식회사,UL,의정부경전철,U1,동오,118
의정부경량전철주식회사,UL,의정부경전철,U1,새말,119
의정부경량전철주식회사,UL,의정부경전철,U1,경기도청북부청사,120
의정부경량전철주식회사,UL,의정부경전철,U1,효자,121
의정부경량전철주식회사,UL,의정부경전철,U1,곤제,122
의정부경량전철주식회사,UL,의정부경전철,U1,어룡(용현산업단지),123
의정부경량전철주식회사,UL,의정부경전철,U1,송산,124
의정부경량전철주식회사,UL,의정부경전철,U1,탑석,125
부산김해경전철주식회사,BG,부산김해경전철,B1,사상(서부터미널),101
부산김해경전철주식회사,BG,부산김해경전철,B1,괘법르네시떼(강변공원),102
부산김해경전철주식회사,BG,부산김해경전철,B1,서부산유통지구(금호마을),103
부산김해경전철주식회사,BG,부산김해경전철,B1,공항,104
부산김해경전철주식회사,BG,부산김해경전철,B1,덕두,105
부산김해경전철주식회사,BG,부산김해경전철,B1,등구,106
부산김해경전철주식회사,BG,부산김해경전철,B1,대저,107
부산김해경전철주식회사,BG,부산김해경전철,B1,평강,108
부산김해경전철주식회사,BG,부산김해경전철,B1,대사,109
부산김해경전철주식회사,BG,부산김해경전철,B1,불암,110
부산김해경전철주식회사,BG,부산김해경전철,B1,지내,111
부산김해경전철주식회사,BG,부산김해경전철,B1,김해대학(안동),112
부산김해경전철주식회사,BG,부산김해경전철,B1,인제대(활천),113
부산김해경전철주식회사,BG,부산김해경전철,B1,김해시청,114
부산김해경전철주식회사,BG,부산김해경전철,B1,부원,115
부산김해경전철주식회사,BG,부산김해경전철,B1,봉황(김해여객터미널),116
부산김해경전철주식회사,BG,부산김해경전철,B1,수로왕릉(김해보건소),117
부산김해경전철주식회사,BG,부산김해경전철,B1,박물관,118
부산김해경전철주식회사,BG,부산김해경전철,B1,연지공원,119
부산김해경전철주식회사,BG,부산김해경전철,B1,장신대(화정),120
부산김해경전철주식회사,BG,부산김해경전철,B1,가야대(삼계),121
부산교통공사,BS,부산1호선,1,동매,100
부산교통공사,BS,부산1호선,1,신평,101
부산교통공사,BS,부산1호선,1,하단(부산본병원),102
부산교통공사,BS,부산1호선,1,당리(사하구청),103
부산교통공사,BS,부산1호선,1,사하,104
부산교통공사,BS,부산1호선,1,괴정,105
부산교통공사,BS,부산1호선,1,대티(동주대학),106
부산교통공사,BS,부산1호선,1,서대신,107
부산교통공사,BS,부산1호선,1,동대신,108
부산교통공사,BS,부산1호선,1,토성,109
부산교통공사,BS,부산1호선,1,자갈치,110
부산교통공사,BS,부산1호선,1,남포,111
부산교통공사,BS,부산1호선,1,중앙,112
부산교통공사,BS,부산1호선,1,부산,113
부산교통공사,BS,부산1호선,1,초량,114
부산교통공사,BS,부산1호선,1,부산진,115
부산교통공사,BS,부산1호선,1,좌천,116
부산교통공사,BS,부산1호선,1,범일,117
부산교통공사,BS,부산1호선,1,범내골,118
부산교통공사,BS,부산1호선,1,서면,119
부산교통공사,BS,부산1호선,1,부전(부산시민공원·송상현광장),120
부산교통공사,BS,부산1호선,1,양정,121
부산교통공사,BS,부산1호선,1,시청(연제),122
부산교통공사,BS,부산1호선,1,연산,123
부산교통공사,BS,부산1호선,1,교대,124
부산교통공사,BS,부산1호선,1,동래,125
부산교통공사,BS,부산1호선,1,명륜,126
부산교통공사,BS,부산1호선,1,온천장,127
부산교통공사,BS,부산1호선,1,부산대,128
부산교통공사,BS,부산1호선,1,장전(부산가톨릭대학교),129
부산교통공사,BS,부산1호선,1,구서,130
부산교통공사,BS,부산1호선,1,두실,131
부산교통공사,BS,부산1호선,1,남산(부산외국대학교),132
부산교통공사,BS,부산1호선,1,범어사,133
부산교통공사,BS,부산1호선,1,노포(종합버스터미널),134
부산교통공사,BS,부산1호선,1,다대포해수욕장,195
부산교통공사,BS,부산1호선,1,다대포항,196
부산교통공사,BS,부산1호선,1,낫개,197
부산교통공사,BS,부산1호선,1,신장림,198
부산교통공사,BS,부산1호선,1,장림,199
부산교통공사,BS,부산2호선,2,장산(해운대백병원),201
부산교통공사,BS,부산2호선,2,중동,202
부산교통공사,BS,부산2호선,2,해운대,203
부산교통공사,BS,부산2호선,2,동백,204
부산교통공사,BS,부산2호선,2,벡스코(시립미술관),205
부산교통공사,BS,부산2호선,2,센텀시티(BEXCO·신세계),206
부산교통공사,BS,부산2호선,2,민락,207
부산교통공사,BS,부산2호선,2,수영,208
부산교통공사,BS,부산2호선,2,광안,209
부산교통공사,BS,부산2호선,2,금련산,210
부산교통공사,BS,부산2호선,2,남천(KBS·수영구청),211
부산교통공사,BS,부산2호선,2,경성대·부경대(동명대학교),212
부산교통공사,BS,부산2호선,2,대연(고려병원),213
부산교통공사,BS,부산2호선,2,못골(남구청),214
부산교통공사,BS,부산2호선,2,지게골,215
부산교통공사,BS,부산2호선,2,문현,216
부산교통공사,BS,부산2호선,2,국제금융센터·부산은행,217
부산교통공사,BS,부산2호선,2,전포,218
부산교통공사,BS,부산2호선,2,서면,219
부산교통공사,BS,부산2호선,2,부암(온종합병원),220
부산교통공사,BS,부산2호선,2,가야,221
부산교통공사,BS,부산2호선,2,동의대,222
부산교통공사,BS,부산2호선,2,개금,223
부산교통공사,BS,부산2호선,2,냉정,224
부산교통공사,BS,부산2호선,2,주례,225
부산교통공사,BS,부산2호선,2,감전(사상구청),226
부산교통공사,BS,부산2호선,2,사상(서부터미널),227
부산교통공사,BS,부산2호선,2,덕포,228
부산교통공사,BS,부산2호선,2,모덕,229
부산교통공사,BS,부산2호선,2,모라,230
부산교통공사,BS,부산2호선,2,구남,231
부산교통공사,BS,부산2호선,2,구명,232
부산교통공사,BS,부산2호선,2,덕천(부산과기대),233
부산교통공사,BS,부산2호선,2,수정(방송통신대),234
부산교통공사,BS,부산2호선,2,화명,235
부산교통공사,BS,부산2호선,2,율리,236
부산교통공사,BS,부산2호선,2,동원,237
부산교통공사,BS,부산2호선,2,금곡,238
부산교통공사,BS,부산2호선,2,호포,239
부산교통공사,BS,부산2호선,2,증산,240
부산교통공사,BS,부산2호선,2,부산대양산캠퍼스,241
부산교통공사,BS,부산2호선,2,남양산(범어),242
부산교통공사,BS,부산2호선,2,양산(시청·동원과학기술대학교),243
부산교통공사,BS,부산3호선,3,수영,301
부산교통공사,BS,부산3호선,3,망미(병무청),302
부산교통공사,BS,부산3호선,3,배산,303
부산교통공사,BS,부산3호선,3,물만골,304
부산교통공사,BS,부산3호선,3,연산,305
부산교통공사,BS,부산3호선,3,거제(법원·검찰청),306
부산교통공사,BS,부산3호선,3,종합운동장,307
부산교통공사,BS,부산3호선,3,사직,308
부산교통공사,BS,부산3호선,3,미남,309
부산교통공사,BS,부산3호선,3,만덕,310
부산교통공사,BS,부산3호선,3,남산정(부산폴리텍대학),311
부산교통공사,BS,부산3호선,3,숙등(부민병원),312
부산교통공사,BS,부산3호선,3,덕천(부산과기대),313
부산교통공사,BS,부산3호선,3,구포,314
부산교통공사,BS,부산3호선,3,강서구청,315
부산교통공사,BS,부산3호선,3,체육공원,316
부산교통공사,BS,부산3호선,3,대저,317
부산교통공사,BS,부산4호선,4,미남,401
부산교통공사,BS,부산4호선,4,동래,402
부산교통공사,BS,부산4호선,4,수안,403
부산교통공사,BS,부산4호선,4,낙민,404
부산교통공사,BS,부산4호선,4,충렬사(안락),405
부산교통공사,BS,부산4호선,4,명장,406
부산교통공사,BS,부산4호선,4,서동,407
부산교통공사,BS,부산4호선,4,금사,408
부산교통공사,BS,부산4호선,4,반여농산물시장,409
부산교통공사,BS,부산4호선,4,석대,410
부산교통공사,BS,부산4호선,4,영산대(아랫반송),411
부산교통공사,BS,부산4호선,4,윗반송,412
부산교통공사,BS,부산4호선,4,고촌,413
부산교통공사,BS,부산4호선,4,안평(고촌주택단지),414
코레일,KR,동해선,K6,부전,K110
코레일,KR,동해선,K6,거제해맞이,K111
코레일,KR,동해선,K6,거제(법원·검찰청),K112
코레일,KR,동해선,K6,교대,K113
코레일,KR,동해선,K6,동래,K114
코레일,KR,동해선,K6,안락,K115
코레일,KR,동해선,K6,부산원동,K116
코레일,KR,동해선,K6,재송,K117
코레일,KR,동해선,K6,센텀,K118
코레일,KR,동해선,K6,벡스코,K119
코레일,KR,동해선,K6,신해운대,K120
코레일,KR,동해선,K6,송정,K121
코레일,KR,동해선,K6,오시리아,K122
코레일,KR,동해선,K6,기장,K123
코레일,KR,동해선,K6,일광,K124
코레일,KR,동해선,K6,좌천,K125
코레일,KR,동해선,K6,월내,K126
코레일,KR,동해선,K6,서생,K127
코레일,KR,동해선,K6,남창,K128
코레일,KR,동해선,K6,망양,K129
코레일,KR,동해선,K6,덕하,K130
코레일,KR,동해선,K6,개운포,K131
코레일,KR,동해선,K6,태화강,K132
대구도시철도공사,DG,대구1호선,1,설화명곡,115
대구도시철도공사,DG,대구1호선,1,화원,116
대구도시철도공사,DG,대구1호선,1,대곡(정부대구청사),117
대구도시철도공사,DG,대구1호선,1,진천,118
대구도시철도공사,DG,대구1호선,1,월배,119
대구도시철도공사,DG,대구1호선,1,상인,120
대구도시철도공사,DG,대구1호선,1,월촌,121
대구도시철도공사,DG,대구1호선,1,송현,122
대구도시철도공사,DG,대구1호선,1,서부정류장(관문시장),123
대구도시철도공사,DG,대구1호선,1,대명,124
대구도시철도공사,DG,대구1호선,1,안지랑,125
대구도시철도공사,DG,대구1호선,1,현충로,126
대구도시철도공사,DG,대구1호선,1,영대병원,127
대구도시철도공사,DG,대구1호선,1,교대,128
대구도시철도공사,DG,대구1호선,1,명덕(2.28민주운동기념회관),129
대구도시철도공사,DG,대구1호선,1,반월당,130
대구도시철도공사,DG,대구1호선,1,대구,132
대구도시철도공사,DG,대구1호선,1,칠성시장,133
대구도시철도공사,DG,대구1호선,1,신천(경북대입구),134
대구도시철도공사,DG,대구1호선,1,동대구,135
대구도시철도공사,DG,대구1호선,1,동구청(큰고개),136
대구도시철도공사,DG,대구1호선,1,아양교,137
대구도시철도공사,DG,대구1호선,1,동촌,138
대구도시철도공사,DG,대구1호선,1,해안,139
대구도시철도공사,DG,대구1호선,1,방촌,140
대구도시철도공사,DG,대구1호선,1,용계,141
대구도시철도공사,DG,대구1호선,1,율하,142
대구도시철도공사,DG,대구1호선,1,신기,143
대구도시철도공사,DG,대구1호선,1,반야월,144
대구도시철도공사,DG,대구1호선,1,각산,145
대구도시철도공사,DG,대구1호선,1,안심(혁신도시·첨복단지),146
대구도시철도공사,DG,대구1호선,1,중앙로,3140
대구도시철도공사,DG,대구2호선,2,문양,216
대구도시철도공사,DG,대구2호선,2,다사,217
대구도시철도공사,DG,대구2호선,2,계명대,220
대구도시철도공사,DG,대구2호선,2,성서산업단지,221
대구도시철도공사,DG,대구2호선,2,이곡,222
대구도시철도공사,DG,대구2호선,2,용산(서부법원·검찰청입구),223
대구도시철도공사,DG,대구2호선,2,죽전,224
대구도시철도공사,DG,대구2호선,2,감삼,225
대구도시철도공사,DG,대구2호선,2,두류,226
대구도시철도공사,DG,대구2호선,2,내당,227
대구도시철도공사,DG,대구2호선,2,반고개,228
대구도시철도공사,DG,대구2호선,2,청라언덕,229
대구도시철도공사,DG,대구2호선,2,반월당,230
대구도시철도공사,DG,대구2호선,2,경대병원,231
대구도시철도공사,DG,대구2호선,2,대구은행,232
대구도시철도공사,DG,대구2호선,2,범어,233
대구도시철도공사,DG,대구2호선,2,수성구청(KBS),234
대구도시철도공사,DG,대구2호선,2,만촌,235
대구도시철도공사,DG,대구2호선,2,담티(산대·대륜),236
대구도시철도공사,DG,대구2호선,2,연호,237
대구도시철도공사,DG,대구2호선,2,대공원,238
대구도시철도공사,DG,대구2호선,2,신매,240
대구도시철도공사,DG,대구2호선,2,사월,241
대구도시철도공사,DG,대구2호선,2,정평,242
대구도시철도공사,DG,대구2호선,2,임당,243
대구도시철도공사,DG,대구2호선,2,영남대,244
대구도시철도공사,DG,대구2호선,2,대실,218
대구도시철도공사,DG,대구2호선,2,강창,219
대구도시철도공사,DG,대구2호선,2,고산,239
대구도시철도공사,DG,대구3호선,3,칠곡경대병원,312
대구도시철도공사,DG,대구3호선,3,학정,313
대구도시철도공사,DG,대구3호선,3,팔거(국립농관원·통계청),314
대구도시철도공사,DG,대구3호선,3,동천,315
대구도시철도공사,DG,대구3호선,3,칠곡운암,316
대구도시철도공사,DG,대구3호선,3,구암,317
대구도시철도공사,DG,대구3호선,3,태전,318
대구도시철도공사,DG,대구3호선,3,매천,319
대구도시철도공사,DG,대구3호선,3,매천시장,320
대구도시철도공사,DG,대구3호선,3,팔달,321
대구도시철도공사,DG,대구3호선,3,공단,322
대구도시철도공사,DG,대구3호선,3,만평,323
대구도시철도공사,DG,대구3호선,3,팔달시장,324
대구도시철도공사,DG,대구3호선,3,원대,325
대구도시철도공사,DG,대구3호선,3,북구청,326
대구도시철도공사,DG,대구3호선,3,달성공원,327
대구도시철도공사,DG,대구3호선,3,서문시장(동산병원),328
대구도시철도공사,DG,대구3호선,3,청라언덕,329
대구도시철도공사,DG,대구3호선,3,남산,330
대구도시철도공사,DG,대구3호선,3,명덕(2.28민주운동기념회관),331
대구도시철도공사,DG,대구3호선,3,건들바위,332
대구도시철도공사,DG,대구3호선,3,대봉교,333
대구도시철도공사,DG,대구3호선,3,수성시장,334
대구도시철도공사,DG,대구3호선,3,수성구민운동장,335
대구도시철도공사,DG,대구3호선,3,어린이회관,336
대구도시철도공사,DG,대구3호선,3,황금,337
대구도시철도공사,DG,대구3호선,3,수성못(TBC),338
대구도시철도공사,DG,대구3호선,3,지산,339
대구도시철도공사,DG,대구3호선,3,범물,340
대구도시철도공사,DG,대구3호선,3,용지,341
광주도시철도공사,GJ,광주1호선,1,녹동,100
광주도시철도공사,GJ,광주1호선,1,소태,101
광주도시철도공사,GJ,광주1호선,1,학동증심사입구,102
광주도시철도공사,GJ,광주1호선,1,남광주,103
광주도시철도공사,GJ,광주1호선,1,문화전당,104
광주도시철도공사,GJ,광주1호선,1,금남로4가,105
광주도시철도공사,GJ,광주1호선,1,금남로5가,106
광주도시철도공사,GJ,광주1호선,1,양동시장,107
광주도시철도공사,GJ,광주1호선,1,돌고개,108
광주도시철도공사,GJ,광주1호선,1,농성,109
광주도시철도공사,GJ,광주1호선,1,화정,110
광주도시철도공사,GJ,광주1호선,1,쌍촌,111
광주도시철도공사,GJ,광주1호선,1,운천,112
광주도시철도공사,GJ,광주1호선,1,상무,113
광주도시철도공사,GJ,광주1호선,1,김대중컨벤션센터,114
광주도시철도공사,GJ,광주1호선,1,공항,115
광주도시철도공사,GJ,광주1호선,1,송정공원,116
광주도시철도공사,GJ,광주1호선,1,광주송정,117
광주도시철도공사,GJ,광주1호선,1,도산,118
광주도시철도공사,GJ,광주1호선,1,평동,119
대전교통공사,DJ,대전1호선,1,판암(대전대),1
대전교통공사,DJ,대전1호선,1,신흥,2
대전교통공사,DJ,대전1호선,1,대동(우송대),3
대전교통공사,DJ,대전1호선,1,대전,4
대전교통공사,DJ,대전1호선,1,중앙로,5
대전교통공사,DJ,대전1호선,1,중구청,6
대전교통공사,DJ,대전1호선,1,서대전네거리,7
대전교통공사,DJ,대전1호선,1,오룡,8
대전교통공사,DJ,대전1호선,1,용문,9
대전교통공사,DJ,대전1호선,1,탄방,10
대전교통공사,DJ,대전1호선,1,시청,11
대전교통공사,DJ,대전1호선,1,정부청사,12
대전교통공사,DJ,대전1호선,1,갈마,13
대전교통공사,DJ,대전1호선,1,월평(한국과학기술원),14
대전교통공사,DJ,대전1호선,1,갑천,15
대전교통공사,DJ,대전1호선,1,유성온천(충남대·목원대),16
대전교통공사,DJ,대전1호선,1,구암,17
대전교통공사,DJ,대전1호선,1,현충원(한밭대),18
대전교통공사,DJ,대전1호선,1,월드컵경기장(노은도매시장),19
대전교통공사,DJ,대전1호선,1,노은,20
대전교통공사,DJ,대전1호선,1,지족(침신대),21
대전교통공사,DJ,대전1호선,1,반석(칠성대),22
